{"cameraMode":{"drawMode":0,"name":"Shaded","section":"Shading Mode"},"sceneLighting":true,"audioPlay":false,"sceneViewState":{"showFog":true,"showMaterialUpdate":false,"showSkybox":true,"showFlares":true,"showImageEffects":true,"showParticleSystems":true},"in2DMode":false,"pivot":{"x":6.354905605316162,"y":-51.08384323120117,"z":4.744510650634766},"rotation":{"x":0.4696351885795593,"y":0.5292853713035584,"z":-0.4758710265159607,"w":0.5223456621170044},"size":69.46365356445313,"orthographic":false}